{"empid":1020.0,"ename":"king","address": {"building": "1007", "coord": [-73.856077, 40.848447], "street": "Morris Park Ave", "zipcode": "10462"},"isActive": false,"gender": "male","canVote": true, "canDrive":true,"favouriteColor": ['blue','black'], "favouriteFruit": [],"cards": [],"aadhar" :"MJAsXaaO5H", "job":"president","mgr":null,"hiredate":{"$date":"1981-11-17T00:00:00.000Z"},"sal":5000.0,"comm":null,"deptno":10.0}
{"empid":1021.0,"ename":"smith","address": {"building": "469", "coord": [-73.961704, 40.662942], "street": "Flatbush Avenue", "zipcode": "11225"},"isActive": false,"gender": "male","canVote": true, "canDrive":true,"favouriteColor": ['red', 'cyan', 'gray'], "favouriteFruit": ['grapes', 'Orange'],"aadhar" :"aYpI9qEzpe","job":"manager","mgr":1020.0,"hiredate":{"$date":"1981-05-01T00:00:00.000Z"},"sal":3400.0,"comm":null,"deptno":10.0}
{"empid":1022.0,"ename":"james","address": {"building": "351", "coord": [-73.98513559999999, 40.7676919], "street": "West   57 Street", "zipcode": "10019"},"isActive": true,"gender": "male","canVote": true, "canDrive":true,"favouriteColor": ['red','blue','green','yellow'], "favouriteFruit": ['Indian Fig'],"aadhar" :"Eo4fFSlzko","job":"manager","mgr":1020.0,"hiredate":{"$date":"1981-07-09T00:00:00.000Z"},"sal":4700.0,"comm":null,"deptno":20.0}
{"empid":1023.0,"ename":"jack","address": {"building": "2780", "coord": [-73.98241999999999, 40.579505], "street": "Stillwell Avenue", "zipcode": "11224"},"isActive": false,"gender": "male","canVote": true, "canDrive":true,"favouriteColor": ['Air Force Blue','Apple Green'], "favouriteFruit": ['Orange'],"aadhar" :"AqTts79GMf","job":"accountant","mgr":1022.0,"hiredate":{"$date":"1981-04-02T00:00:00.000Z"},"sal":2700.0,"comm":null,"deptno":30.0}
{"empid":1023.0,"ename":"scott","address": {"building": "97-22", "coord": [-73.8601152, 40.7311739], "street": "63 Road", "zipcode": "11374"},"isActive": false,"gender": "male","canVote": true, "canDrive":true,"favouriteColor": ['Ash Grey'], "favouriteFruit": [],"aadhar" :"BbZSlE5Shr","job":"salesman","mgr":1023.0,"hiredate":{"$date":"1981-09-28T00:00:00.000Z"},"sal":2500.0,"comm":350.0,"deptno":30.0}
{"empid":1024.0,"ename":"martin","address": {"building": "8825", "coord": [-73.8803827, 40.7643124], "street": "Astoria Boulevard", "zipcode": "11369"},"isActive": true,"gender": "male","canVote": true, "canDrive":true,"favouriteColor": ['Banana Yellow'], "favouriteFruit": [],"aadhar" :"V4oEJ5YO60","job":"salesman","mgr":1023.0,"hiredate":{"$date":"1981-02-20T00:00:00.000Z"},"sal":2900.0,"comm":735.0,"deptno":30.0}
{"empid":1025.0,"ename":"crow","address": {"building": "2206", "coord": [-74.1377286, 40.6119572], "street": "Victory Boulevard", "zipcode": "10314"},"isActive": false,"gender": "male","canVote": true, "canDrive":true,"favouriteColor": ['Apple Green','Ash Grey'], "favouriteFruit": [],"aadhar" :"aLbMmPcpqM","job":"salesman","mgr":1023.0,"hiredate":{"$date":"1981-09-08T00:00:00.000Z"},"sal":3200.0,"comm":null,"deptno":20.0}
{"empid":1026.0,"ename":"blake","address": {"building": "7114", "coord": [-73.9068506, 40.6199034], "street": "Avenue U", "zipcode": "11234"},"isActive": false,"gender": "male","canVote": true, "canDrive":true,"favouriteColor": ['Brass','Bright Green'], "favouriteFruit": [],"aadhar" :"DqMpSf5zTR","job":"clerk","mgr":1024.0,"hiredate":{"$date":"1981-12-03T00:00:00.000Z"},"sal":1200.0,"comm":null,"deptno":30.0}
{"empid":1027.0,"ename":"richards","address": {"building": "6409", "coord": [-74.00528899999999, 40.628886], "street": "11 Avenue", "zipcode": "11219"},"isActive": false,"gender": "male","canVote": true, "canDrive":true,"favouriteColor": ['Charcoal','Cherry'], "favouriteFruit": [],"aadhar" :"T1xG2CSxMV","job":"clerk","mgr":1024.0,"hiredate":{"$date":"1981-02-22T00:00:00.000Z"},"sal":1500.0,"comm":null,"deptno":10.0}
{"empid":1028.0,"ename":"peter","address": {"building": "1839", "coord": [-73.9482609, 40.6408271], "street": "Nostrand Avenue", "zipcode": "11226"},"isActive": true,"gender": "male","canVote": true, "canDrive":true,"favouriteColor": ['Brown'], "favouriteFruit": ['banana','Jackfruit'],"aadhar" :"X3ZmceNzLf","job":"analyst","mgr":1025.0,"hiredate":{"$date":"1981-12-03T00:00:00.000Z"},"sal":3500.0,"comm":null,"deptno":30.0}
{"empid":1029.0,"ename":"bob","address": {"building": "2300", "coord": [-73.8786113, 40.8502883], "street": "Southern Boulevard", "zipcode": "10460"},"isActive": false,"gender": "male","canVote": true, "canDrive":true,"favouriteColor": ['Copper'], "favouriteFruit": [],"aadhar" :"Xv7ck7WIgp","job":"manager","mgr":1020.0,"hiredate":{"$date":"1980-12-17T00:00:00.000Z"},"sal":4900.0,"comm":null,"deptno":30.0}
{"empid":1030.0,"ename":"saleel","address": {"building": "7715", "coord": [-73.9973325, 40.61174889999999], "street": "18 Avenue", "zipcode": "11214"},"isActive": false,"gender": "male","canVote": true, "canDrive":true,"favouriteColor": ['Coral'], "favouriteFruit": ['Dates','Orange'],"aadhar" :"K8ZqWrIOwB","job":"programmer","mgr":1020.0,"hiredate":{"$date":"1982-12-09T00:00:00.000Z"},"sal":2900.0,"comm":null,"deptno":10.0}
{"empid":1031.0,"ename":"sharmin","address": {"building": "1269", "coord": [-73.871194, 40.6730975], "street": "Sutter Avenue", "zipcode": "11208"},"isActive": false,"gender": "female","canVote": true, "canDrive":true,"favouriteColor": ['Cream'], "favouriteFruit": ['Indian Fig'],"aadhar" :"QhmI8yPiAU","job":"programmer","mgr":1020.0,"hiredate":{"$date":"1983-01-12T00:00:00.000Z"},"sal":4999.0,"comm":null,"deptno":40.0}
{"empid":1032.0,"ename":"vrushali","address": {"building": "1", "coord": [-73.96926909999999, 40.7685235], "street": "East   66 Street", "zipcode": "10065"},"isActive": true,"gender": "female","canVote": true, "canDrive":true,"favouriteColor": ['Iceberg'], "favouriteFruit": ['Orange','Papaya', 'Kiwi'],"aadhar" :"FG8u8ktwAG","job":"analyst","mgr":1030.0,"hiredate":{"$date":"1982-02-23T00:00:00.000Z"},"sal":4999.0,"comm":null,"deptno":20.0}
{"empid":1033.0,"ename":"vasant","address": {"building": "705", "coord": [-73.9653967, 40.6064339], "street": "Kings Highway", "zipcode": "11223"},"isActive": false,"gender": "male","canVote": true, "canDrive":true,"favouriteColor": ['Bright Green'], "favouriteFruit": [],"aadhar" :"YiPEcNOjLT","job":"salesman","mgr":1029.0,"hiredate":{"$date":"1982-02-24T00:00:00.000Z"},"sal":2200.0,"comm":0.0,"deptno":40.0}
{"empid":1034.0,"ename":"vasu","address": {"building": "203", "coord": [-73.97822040000001, 40.6435254], "street": "Church Avenue", "zipcode": "11218"},"isActive": false,"gender": "male","canVote": true, "canDrive":true,"favouriteColor": ['India Green'], "favouriteFruit": ['Dates'],"aadhar" :"9YG0G20F4O","job":"salesman","mgr":1029.0,"hiredate":{"$date":"1980-02-14T00:00:00.000Z"},"sal":2200.0,"comm":250.0,"deptno":40.0}
{"empid":1035.0,"ename":"rahul","address": {"building": "265-15", "coord": [-73.7032601, 40.7386417], "street": "Hillside Avenue", "zipcode": "11004"},"isActive": false,"gender": "male","canVote": true, "canDrive":true,"favouriteColor": ['Indian Red'], "favouriteFruit": ['Lychee','Indian Fig'],"aadhar" :"XxwwGjp2ZE","job":"clerk","mgr":1029.0,"hiredate":{"$date":"1981-12-31T00:00:00.000Z"},"sal":1200.0,"comm":null,"deptno":40.0}
{"empid":1036.0,"ename":"raju","address": {"building": "6909", "coord": [-74.0259567, 40.6353674], "street": "3 Avenue", "zipcode": "11209"},"isActive": true,"gender": "male","canVote": true, "canDrive":true,"favouriteColor": ['Indian Yellow'], "favouriteFruit": ['Crab apples'],"aadhar" :"CjODdMBJxh","job":"administrator","mgr":1031.0,"hiredate":{"$date":"1983-06-15T00:00:00.000Z"},"sal":3400.0,"comm":null,"deptno":50.0}
{"empid":1037.0,"ename":"ramu","address": {"building": "522", "coord": [-73.95171, 40.767461], "street": "East   74 Street", "zipcode": "10021"},"isActive": false,"gender": "male","canVote": true, "canDrive":true,"favouriteColor": ['Lemon'], "favouriteFruit": ['Jackfruit','banana', 'Apple'],"aadhar" :"0MrIAAQ5a7","job":"clerk","mgr":1031.0,"hiredate":{"$date":"1983-07-12T00:00:00.000Z"},"sal":1400.0,"comm":null,"deptno":50.0}
{"empid":1038.0,"ename":"neel","address": {"building": "284", "coord": [-73.9829239, 40.6580753], "street": "Prospect Park West", "zipcode": "11215"},"isActive": true,"gender": "male","canVote": true, "canDrive":true,"favouriteColor": ['Apple Green'], "favouriteFruit": [],"aadhar" :"E8A7IH0hwJ","job":"administrator","mgr":1030.0,"hiredate":{"$date":"1983-03-14T00:00:00.000Z"},"sal":4200.0,"comm":null,"deptno":10.0}
{"empid":1039.0,"ename":"saleel","address": {"building": "129-08", "coord": [-73.839297, 40.78147], "street": "20 Avenue", "zipcode": "11356"},"isActive": false,"gender": "male","canVote": true, "canDrive":true,"favouriteColor": ['Cherry','Charcoal'], "favouriteFruit": [],"aadhar" :"cvuzqy0Ias","job":"analyst","mgr":1022.0,"hiredate":{"$date":"1982-12-09T00:00:00.000Z"},"sal":3700.0,"comm":null,"deptno":50.0}
{"empid":1040.0,"ename":"amit","address": {"building": "759", "coord": [-73.9925306, 40.7309346], "street": "Broadway", "zipcode": "10003"},"isActive": false,"gender": "male","canVote": true, "canDrive":true,"favouriteColor": ['Indian Red'], "favouriteFruit": ['Crab apples'],"aadhar" :"XzvRNmJzVQ","job":"administrator","mgr":1029.0,"hiredate":{"$date":"1982-12-08T00:00:00.000Z"},"sal":3500.0,"comm":null,"deptno":50.0,"phone":[8.5088422e+07,{"$numberLong":"9822884228"}]}
{"empid":1041.0,"ename":"dinesh","address": {"building": "3406", "coord": [-73.94024739999999, 40.7623288], "street": "10 Street", "zipcode": "11106"},"isActive": true,"gender": "male","canVote": true, "canDrive":true,"favouriteColor": ['Air Force Blue'], "favouriteFruit": [],"aadhar" :"GTt0uDmKx5","job":"programmer","mgr":1021.0,"hiredate":{"$date":"1982-12-09T00:00:00.000Z"},"sal":3500.0,"comm":null,"deptno":50.0,"phone":[8.5088422e+07,{"$numberLong":"9822884228"}],"skills":{"languages":["C++","JAVA"],"web":["php","java","jquery"]}}
{"empid":1040.0,"ename":"amit","address": {"building": "502", "coord": [-73.976112, 40.786714], "street": "Amsterdam Avenue", "zipcode": "10024"},"isActive": false,"gender": "male","canVote": true, "canDrive":true,"favouriteColor": ['Orange'], "favouriteFruit": [],"aadhar" :"b7o2kAqTk2","job":"administrator","mgr":1029.0,"hiredate":{"$date":"1981-11-03T00:00:00.000Z"},"sal":3500.0,"comm":null,"deptno":50.0,"phone":["9850884228","9822884228"]}
{"empid":1041.0,"ename":"dinesh","address": {"building": "730", "coord": [-73.96805719999999, 40.7925587], "street": "Columbus Avenue", "zipcode": "10025"},"isActive": false,"gender": "male","canVote": true, "canDrive":true,"favouriteColor": ['Navy Blue'], "favouriteFruit": [],"aadhar" :"GMRgu5DyDy","job":"programmer","mgr":1021.0,"hiredate":{"$date":"1981-11-04T00:00:00.000Z"},"sal":3500.0,"comm":null,"deptno":50.0,"phone":["020-25420200",{"$numberLong":"9822336644"}],"skills":{"languages":["C++","JAVA"],"web":["php","java","jquery"]}}
{"empid":1042.0,"ename":"rudra","address": {"building": "18", "coord": [-73.996984, 40.72589], "street": "West Houston Street", "zipcode": "10012"},"isActive": false,"gender": "male","canVote": true, "canDrive":true,"favouriteColor": ['Lime'], "favouriteFruit": ['Indian Fig'],"aadhar" :"ijOoAiRLZK","job":"programmer","mgr":1021.0,"hiredate":{"$date":"1981-11-04T00:00:00.000Z"},"sal":2400.0,"comm":null,"deptno":50.0,"phone":"020-25420212","skills":{"web":["php","java","jquery"],"database":["oracle","ms-sql server","mongodb"]}}
{"empid":1043.0,"ename":"pankaj","address": {"building": "531", "coord": [-73.9634876, 40.6940001], "street": "Myrtle Avenue", "zipcode": "11205"},"isActive": false,"gender": "male","canVote": true, "canDrive":true,"favouriteColor": ['White'], "favouriteFruit": ['Peach'],"aadhar" :"0oxAOliq9p","job":"programmer","mgr":1023.0,"hiredate":{"$date":"1980-02-17T00:00:00.000Z"},"sal":3600.0,"comm":null,"deptno":40.0,"phone":"022-2548345","skills":{"language":".NET","database":"ms-sql server"}}
{"empid":1044.0,"ename":"anoop","address": {"building": "103-05", "coord": [-73.8642349, 40.75356], "street": "37 Avenue", "zipcode": "11368"},"isActive": false,"gender": "male","canVote": true, "canDrive":true,"favouriteColor": ['Navy Blue'], "favouriteFruit": [],"aadhar" :"FmsbfXnBr8","job":"programmer","mgr":1029.0,"hiredate":{"$date":"1980-02-17T00:00:00.000Z"},"sal":2300.0,"comm":1200.0,"deptno":50.0,"phone":"022-2548345","skills":{"language":[".NET","java"],"database":"oracle","web":["json","jquery","javascript"]}}
{"empid":1045.0,"ename":"nitish","address": {"building": "60", "coord": [-74.0085357, 40.70620539999999], "street": "Wall Street", "zipcode": "10005"},"isActive": true,"gender": "male","canVote": true, "canDrive":true,"favouriteColor": ['Coral','Cream'], "favouriteFruit": [],"aadhar" :"4WpLg6Ly4H","job":"programmer","mgr":1039.0,"hiredate":{"$date":"1980-03-14T00:00:00.000Z"},"sal":1300.0,"comm":1200.0,"deptno":50.0,"phone":"022-2548345","skills":{"language":[".NET","java"],"database":{"rdbms":["oracle","db2"],"nosql":["mongodb","hive"]},"web":["json","jquery","javascript","php"]}}
{"empid":1046.0,"ename":"neel","address": {"building": "195", "coord": [-73.9246028, 40.6522396], "street": "East   56 Street", "zipcode": "11203"},"isActive": false,"gender": "male","canVote": true, "canDrive":true,"favouriteColor": ['Orange'], "favouriteFruit": [],"aadhar" :"nX46yWpJQ8","job":"programmer","mgr":1039.0,"hiredate":{"$date":"1980-03-14T00:00:00.000Z"},"sal":1800.0,"comm":1400.0,"deptno":50.0,"phone":"022-2534565","skills":{"language":"ruby","database":{"rdbms":["oracle","db2"],"nosql":["mongodb","hive","hbase"]}}}
{"empid":1047.0,"ename":"arjun","address": {"building": "107", "coord": [-74.00920839999999, 40.7132925], "street": "Church Street", "zipcode": "10007"},"isActive": true,"gender": "male","canVote": true, "canDrive":true,"favouriteColor": ['Sky Blue'], "favouriteFruit": ['Lychee'],"aadhar" :"G0LWSnlHcx","job":"auditor","mgr":1020.0,"hiredate":{"$date":"1984-05-05T00:00:00.000Z"},"sal":3200.0,"comm":null,"hra":1500.0,"da":1200.0,"deptno":20.0}
{"empid":1048.0,"ename":"amol","address": {"building": "1006", "coord": [-73.84856870000002, 40.8903781], "street": "East 233 Street", "zipcode": "10466"},"isActive": false,"gender": "male","canVote": true, "canDrive":true,"favouriteColor": ['Snow White'], "favouriteFruit": ['Orange'],"aadhar" :"d9KznYQs6L","job":"auditor","mgr":1047.0,"hiredate":{"$date":"1984-05-06T00:00:00.000Z"},"sal":3800.0,"comm":null,"hra":1000.0,"da":900.0,"deptno":20.0}
{"empid":1049.0,"ename":"sangita","address": {"building": "56", "coord": [-73.991495, 40.692273], "street": "Court Street", "zipcode": "11201"},"isActive": false,"gender": "female","canVote": true, "canDrive":true,"favouriteColor": ['White'], "favouriteFruit": ['Papaya'],"aadhar" :"q90io2xPtx","job":"auditor","mgr":1040.0,"hiredate":{"$date":"1984-03-30T00:00:00.000Z"},"sal":3100.0,"comm":null,"hra":1000.0,"da":1500.0,"deptno":20.0}
{"empid":1050.0,"ename":"gita","address": {"building": "7615", "coord": [-74.0228449, 40.6281815], "street": "5 Avenue", "zipcode": "11209"},"isActive": true,"gender": "female","canVote": true, "canDrive":true,"favouriteColor": ['Indian Red'], "favouriteFruit": ['Kiwi'],"aadhar" :"GIr294gRmn","job":"writer","language":["english","hindi"],"mgr":1049.0,"hiredate":{"$date":"1984-03-29T00:00:00.000Z"},"sal":2150.0,"comm":750.0,"hra":1300.0,"da":1700.0,"deptno":40.0}
{"empid":1051.0,"ename":"sita","address": {"building": "120", "coord": [-73.9998042, 40.7251256], "street": "Prince Street", "zipcode": "10012"},"isActive": false,"gender": "female","canVote": true, "canDrive":true,"favouriteColor": ['Snow White'], "favouriteFruit": ['Guava'],"aadhar" :"2HecAK1UgG","job":"writer","language":["english","hindi","marathi"],"mgr":1049.0,"hiredate":{"$date":"1984-03-30T00:00:00.000Z"},"sal":3755.0,"comm":750.0,"hra":1100.0,"da":1100.0,"deptno":40.0}
{"empid":2001,"ename":"pinky","address": {"building": "1236", "coord": [-73.8893654, 40.81376179999999], "street": "238 Spofford Ave", "zipcode": "10474"},"isActive": true,"gender": "female","canVote": true, "canDrive":true,"favouriteColor": ['India Green'], "favouriteFruit": ['banana','Jackfruit'],"aadhar" :"GdHilITn3L","job":"Computer Programmer","mgr":1039,"hiredate":{"$date":"1983-07-17T00:00:00.000Z"},"sal":3500,"comm":null,"deptno":10}
{"empid":2002,"ename":"priti","address": {"building": "625", "coord": [-73.990494, 40.7569545], "street": "8 Avenue", "zipcode": "10018"},"isActive": false,"gender": "female","canVote": true, "canDrive":true,"favouriteColor": ['Violet'], "favouriteFruit": [],"aadhar" :"Z3O3VTesma","job":"Computer Programmer","mgr":1037,"hiredate":{"$date":"1983-07-17T00:00:00.000Z"},"sal":5500,"comm":null,"deptno":20}
{"empid":2003,"ename":"supriya","address": {"building": "1069", "coord": [-73.902463, 40.694924], "street": "Wyckoff Avenue", "zipcode": "11385"},"isActive": true,"gender": "female","canVote": true, "canDrive":true,"favouriteColor": ['Snow White'], "favouriteFruit": [],"aadhar" :"iZ71YezboW","job":"Computer Programmer","mgr":2001,"hiredate":{"$date":"1983-07-17T00:00:00.000Z"},"sal":3500,"comm":null,"deptno":30}
{"empid":2004,"ename":"sangu","address": {"building": "405", "coord": [-73.97534999999999, 40.7516269], "street": "Lexington Avenue", "zipcode": "10174"},"isActive": true,"gender": "female","canVote": true, "canDrive":true,"favouriteColor": ['Apple Green'], "favouriteFruit": ['Passion Fruit'],"aadhar" :"mOyCK3OiCG","job":"Computer Programmer","mgr":2002,"hiredate":{"$date":"1980-07-17T00:00:00.000Z"},"sal":6000,"comm":null,"deptno":10}
{"empid":2005,"ename":"laxman","address": {"building": "2491", "coord": [-74.1459332, 40.6103714], "street": "Victory Boulevard", "zipcode": "10314"},"isActive": false,"gender": "male","canVote": true, "canDrive":true,"favouriteColor": ['India Green'], "favouriteFruit": [],"aadhar" :"EKoCSlHrs3","job":"Computer Programmer","mgr":2001,"hiredate":{"$date":"1980-11-17T00:00:00.000Z"},"sal":6500,"comm":null,"deptno":20}
{"empid":2006,"ename":"rahsmi","address": {"building": "7905", "coord": [-73.8740217, 40.7135015], "street": "Metropolitan Avenue", "zipcode": "11379"},"isActive": true,"gender": "female","canVote": true, "canDrive":true,"favouriteColor": ['Orange'], "favouriteFruit": ['Peach'],"aadhar" :"cEfjBb0T3v","job":"Computer Programmer","mgr":2002,"hiredate":{"$date":"1982-05-17T00:00:00.000Z"},"sal":5600,"comm":null,"deptno":30}
{"empid":2007,"ename":"raj","address": {"building": "87-69", "coord": [-73.8309503, 40.7001121], "street": "Lefferts Boulevard", "zipcode": "11418"},"isActive": false,"gender": "male","canVote": true, "canDrive":true,"favouriteColor": ['Dark Orange'], "favouriteFruit": ['Papaya'],"aadhar" :"rrVtn0Vpmg","job":"Computer Programmer","mgr":1039,"hiredate":{"$date":"1981-08-17T00:00:00.000Z"},"sal":7000,"comm":null,"deptno":40}
{"empid":2008,"ename":"roselin","address": {"building": "1418", "coord": [-73.95685019999999, 40.7753401], "street": "Third Avenue", "zipcode": "10028"},"isActive": true,"gender": "female","canVote": true, "canDrive":true,"favouriteColor": ['White'], "favouriteFruit": ['watermelon','mango'],"aadhar" :"AL1yiIPCuR","job":"Computer Programmer","mgr":2005,"hiredate":{"$date":"1983-02-17T00:00:00.000Z"},"sal":800,"comm":null,"deptno":30}
{"empid":2009,"ename":"janhavi","address": {"building": "464", "coord": [-73.9791458, 40.744328], "street": "3 Avenue", "zipcode": "10016"},"isActive": false,"gender": "female","canVote": true, "canDrive":true,"favouriteColor": ['Violet'], "favouriteFruit": ['Papaya'],"aadhar" :"tZZtzeBih2","job":"Computer Programmer","mgr":2002,"hiredate":{"$date":"1983-08-17T00:00:00.000Z"},"sal":4700,"comm":null,"deptno":40}
{"empid":2010,"ename":"jasu","address": {"building": "437", "coord": [-73.975393, 40.757365], "street": "Madison Avenue", "zipcode": "10022"},"isActive": false,"gender": "male","canVote": true, "canDrive":true,"favouriteColor": ['Lawn Green'], "favouriteFruit": ['Fig','apple'],"aadhar" :"fkehFzIADu","job":"Computer Programmer","mgr":2007,"hiredate":{"$date":"1983-04-17T00:00:00.000Z"},"sal":5800,"comm":null,"deptno":40}
{"empid":2011,"ename":"snehal","address": {"building": "1031", "coord": [-73.9075537, 40.6438684], "street": "East   92 Street", "zipcode": "11236"},"isActive": true,"gender": "female","canVote": true, "canDrive":true,"favouriteColor": ['India Green'], "favouriteFruit": ['apple'],"aadhar" :"GdHilI123L","job":"WEB Programmer","mgr":1039,"hiredate":{"$date":"1983-07-17T00:00:00.000Z"},"sal":2500,"comm":null,"deptno":10}
{"empid":2012,"ename":"rupal","address": {"building": "1111", "coord": [-74.0796436, 40.59878339999999], "street": "Hylan Boulevard", "zipcode": "10305"},"isActive": false,"gender": "female","canVote": true, "canDrive":true,"favouriteColor": ['Violet'], "favouriteFruit": ['grapes'],"aadhar" :"Z3O3VTesMJ","job":"WEB Programmer","mgr":1037,"hiredate":{"$date":"1983-07-17T00:00:00.000Z"},"sal":6500,"comm":null,"deptno":20}
{"empid":2013,"ename":"bandish","address": {"building": "976", "coord": [-73.92701509999999, 40.6620192], "street": "Rutland Road", "zipcode": "11212"},"isActive": true,"gender": "female","canVote": true, "canDrive":true,"favouriteColor": ['Snow White'], "favouriteFruit": ['mango'],"aadhar" :"iZ71Y34boW","job":"WEB Programmer","mgr":2001,"hiredate":{"$date":"1983-07-17T00:00:00.000Z"},"sal":7000,"comm":null,"deptno":30}
{"empid":2014,"ename":"madhavi","address": {"building": "148", "coord": [-73.9806854, 40.7778589], "street": "West   72 Street", "zipcode": "10023"},"isActive": true,"gender": "female","canVote": true, "canDrive":true,"favouriteColor": ['Apple Green'], "favouriteFruit": ['mango'],"aadhar" :"mOyCK53iCG","job":"WEB Programmer","mgr":2002,"hiredate":{"$date":"1980-07-17T00:00:00.000Z"},"sal":6900,"comm":null,"deptno":10}
{"empid":2015,"ename":"ram","address": {"building": "364", "coord": [-73.96084119999999, 40.8014307], "street": "West  110 Street", "zipcode": "10025"},"isActive": false,"gender": "male","canVote": true, "canDrive":true,"favouriteColor": ['India Green'], "favouriteFruit": ['cherry', 'grapes'],"aadhar" :"EKoCSKHrs3","job":"WEB Programmer","mgr":2001,"hiredate":{"$date":"1980-11-17T00:00:00.000Z"},"sal":6200,"comm":null,"deptno":20}
{"empid":2016,"ename":"aditi","address": {"building": "1423", "coord": [-73.9615132, 40.6253268], "street": "Avenue J", "zipcode": "11230"},"isActive": true,"gender": "female","canVote": true, "canDrive":true,"favouriteColor": ['Orange'], "favouriteFruit": ['lime','Guava'],"aadhar" :"cEf54b0T3v","job":"WEB Programmer","mgr":2002,"hiredate":{"$date":"1982-05-17T00:00:00.000Z"},"sal":5700,"comm":null,"deptno":30}
{"empid":2017,"ename":"neeraj","address": {"building": "0", "coord": [-84.2040813, 9.9986585], "street": "Guardia Airport Parking", "zipcode": "11371"},"isActive": false,"gender": "male","canVote": true, "canDrive":true,"favouriteColor": ['Dark Orange'], "favouriteFruit": ['pineapple'],"aadhar" :"rrVtn40Vmg","job":"WEB Programmer","mgr":1039,"hiredate":{"$date":"1981-08-17T00:00:00.000Z"},"sal":7700,"comm":null,"deptno":40}
{"empid":2018,"ename":"meera","address": {"building": "73", "coord": [-74.1178949, 40.5734906], "street": "New Dorp Plaza", "zipcode": "10306"},"isActive": true,"gender": "female","canVote": true, "canDrive":true,"favouriteColor": ['White'], "favouriteFruit": ['watermelon'],"aadhar" :"AL1yi77CuR","job":"WEB Programmer","mgr":2005,"hiredate":{"$date":"1983-02-17T00:00:00.000Z"},"sal":801,"comm":null,"deptno":30}
{"empid":2019,"ename":"zara","address": {"building": "277", "coord": [-73.8941893, 40.8634684], "street": "East Kingsbridge Road", "zipcode": "10458"},"isActive": false,"gender": "female","canVote": true, "canDrive":true,"favouriteColor": ['Violet'], "favouriteFruit": ['Dragon Fruit'],"aadhar" :"tZZtzeBi72","job":"WEB Programmer","mgr":2002,"hiredate":{"$date":"1983-08-17T00:00:00.000Z"},"sal":3700,"comm":null,"deptno":40}
{"empid":2020,"ename":"tanvi","address": {"building": "203", "coord": [-74.15235919999999, 40.5563756], "street": "Giffords Lane", "zipcode": "10308"},"isActive": false,"gender": "female","canVote": true, "canDrive":true,"favouriteColor": ['Lawn Green'], "favouriteFruit": ['Avocado'],"aadhar" :"fke43zIADu","job":"WEB Programmer","mgr":2007,"hiredate":{"$date":"1983-04-17T00:00:00.000Z"},"sal":5700,"comm":null,"deptno":40}
{"empid":2021,"ename":"Emma","address": {"building": "2031", "coord": [-78.15235919456999, 47.5568756], "street": "Giffords Lane", "zipcode": "11309"},"isActive": true,"gender": "female", "canVote": true, "canDrive":true, "favouriteColor": ['Lawn Green', 'Sky Blue'], "favouriteFruit": ['Avocado','Grapes','Orance'], "aadhar" :"fke43zIAZX","job":"WEB Programmer","mgr":2001,"hiredate":{"$date":"1982-04-17T00:00:00.000Z"},"sal":7700,"comm":null,"deptno":10}
{"empid":2022,"ename":"Emma","address": {"building": "2031", "coord": [-78.15235919456999, 47.5568756], "street": "Keesey Street", "zipcode": "11310"},"isActive": false,"gender": "female", "canVote": false, "canDrive":true, "favouriteColor": ['Lawn Green', 'Sky Blue'], "favouriteFruit": ['Avocado','Grapes','Orance'], "aadhar" :"fke43zIAZz","job":"WEB Programmer","mgr":2001,"hiredate":{"$date":"1982-08-17T00:00:00.000Z"}, "sal":7000,"comm":null,"deptno":10}
{"empid":2023,"ename":"Olivia","address": {"building": "031", "coord": [-78.15231429456999, 42.5560956], "street": "Hazel Grove", "zipcode": "133038"},"isActive": true,"gender": "female", "canVote": false, "canDrive":true, "favouriteColor": ['Lawn Green', 'Sky Blue'], "favouriteFruit": ['Banana','Grapes','Orance'], "aadhar" :"fke43HIAZX","job":"WEB Programmer","mgr":2001,"hiredate":{"$date":"1981-06-17T00:00:00.000Z"}, "sal":9000,"comm":null,"deptno":10}
{"empid":2024,"ename":"Mia","address": {"building": "032", "coord": [-78.15235919456999, 43.5578756], "street": "Kidd Cottages", "zipcode": "33038"},"isActive": false,"gender": "female", "canVote": false, "canDrive":true, "favouriteColor": ['Light Pink', 'Light Blue'], "favouriteFruit": ['Orance'], "aadhar" :"fKe43zIAZX","job":"WEB Programmer","mgr":2001,"hiredate":{"$date":"1983-04-17T00:00:00.000Z"}, "sal":9500,"comm":null,"deptno":10}
{"empid":2025,"ename":"Emily","address": {"building": "7036", "coord": [-78.15299819456999, 40.5568756], "street": "Adams Row", "zipcode": "15310"},"isActive": false, "gender": "female", "canVote": false, "canDrive":false, "favouriteColor": ['Yellow'], "favouriteFruit": ['Grapes'], "aadhar" :"fke73zIAZz","job":"WEB Programmer","mgr":2004,"hiredate":{"$date":"1981-04-19T00:00:00.000Z"}, "sal":7600,"comm":null,"deptno":40}






























